<application>
  <component name="MavenWrapperMapping">
    <option name="mapping">
      <map>
        <entry key="https://repo.maven.apache.org/maven2/org/apache/maven/apache-maven/3.9.4/apache-maven-3.9.4-bin.zip" value="$USER_HOME$/.m2/wrapper/dists/apache-maven-3.9.4-bin/2vqnav6ufo1qvo5j2um40861m/apache-maven-3.9.4" />
        <entry key="https://repo.maven.apache.org/maven2/org/apache/maven/apache-maven/3.9.5/apache-maven-3.9.5-bin.zip" value="$USER_HOME$/.m2/wrapper/dists/apache-maven-3.9.5-bin/2adeog8mj13csp1uusqnc1f2mo/apache-maven-3.9.5" />
      </map>
    </option>
  </component>
</application>